{"cameraMode":{"drawMode":0,"name":"Shaded","section":"Shading Mode"},"sceneLighting":true,"audioPlay":false,"sceneViewState":{"showFog":true,"showMaterialUpdate":false,"showSkybox":true,"showFlares":true,"showImageEffects":true,"showParticleSystems":true},"in2DMode":false,"pivot":{"x":-3.144439935684204,"y":3.7264130115509035,"z":-0.16461563110351563},"rotation":{"x":-0.03896889463067055,"y":-0.032968953251838687,"z":-0.0012864421587437392,"w":0.9986957907676697},"size":47.82298278808594,"orthographic":false}